title,review,price,rating_value,link
The Greatness Mindset: Unlock the Power of Your Mind and Live Your Best Life Today,84,16,4.9,./index_files/71G2ktlRotL._AC_UY218_.jpg
The Subtle Art of Not Giving a F*ck: A Counterintuitive Approach to Living a Good Life,"102,446",0,4.6,./index_files/81A5jQHA+lL._AC_UY218_.jpg
Can't Hurt Me: Master Your Mind and Defy the Odds,"70,998",0,4.8,./index_files/81gByv+FhjL._AC_UY218_.jpg
The Mountain Is You: Transforming Self-Sabotage Into Self-Mastery,"11,777",22,4.8,./index_files/71AHFDEpkdL._AC_UY218_.jpg
Think and Grow Rich: 1937 Edition,"88,390",0,4.7,./index_files/810+SBbizeL._AC_UY218_.jpg
"The Tools: Transform Your Problems into Courage, Confidence, and Creativity","1,992",0,4.5,./index_files/71s6xuAn8bL._AC_UY218_.jpg
Enchantment: Awakening Wonder in an Anxious Age,36,0,4.5,./index_files/A11LO-VIJEL._AC_UY218_.jpg
"Badass Affirmations: The Wit and Wisdom of Wild Women (Inspirational Quotes for Women, Book Gift for Women, Powerful Affirmations)","7,010",9,4.6,./index_files/61bIx1-VWRL._AC_UY218_.jpg
Breaking the Habit of Being Yourself,"13,357",0,4.7,./index_files/813jgyI5ypL._AC_UY218_.jpg
Make Your Bed: Little Things That Can Change Your Life...And Maybe the World,"33,052",11,4.7,./index_files/41zRcZ6E-gL._AC_UY218_.jpg
The Power of Positive Thinking,"16,751",9,4.6,./index_files/612r0oxHHUL._AC_UY218_.jpg
The Artist's Way: 30th Anniversary Edition,"7,081",14,4.7,./index_files/81MHEbRag6L._AC_UY218_.jpg
Allen Carr's Easy Way To Stop Smoking,"6,276",12,4.5,./index_files/81f-8cAVjyL._AC_UY218_.jpg
Never Finished: Unshackle Your Mind and Win the War Within,"4,575",0,4.8,./index_files/81hwru1zPNL._AC_UY218_.jpg
The Answer to Anxiety: How to Break Free from the Tyranny of Anxious Thoughts and Worry,110,0,4.8,./index_files/81HcEWnrGLL._AC_UY218_.jpg
"The Gifts of Imperfection, 10th Anniversary Edition: Features a New Foreword","32,193",0,4.7,./index_files/71ToC7o-csL._AC_UY218_.jpg
You Are a Badass at Making Money: Master the Mindset of Wealth,"6,640",0,4.7,./index_files/818gx5irrXL._AC_UY218_.jpg
The Tibetan Book of Living and Dying: The Spiritual Classic & International Bestseller: 25th Anniversary Edition,"2,752",13,4.7,./index_files/81J4O-G8FTL._AC_UY218_.jpg
"The Everyday Warrior: A No-Hack, Practical Approach to Life",29,14,4.8,./index_files/61RiGL9GQRL._AC_UY218_.jpg
Think Like a Monk: Train Your Mind for Peace and Purpose Every Day,"32,233",0,4.8,./index_files/81Gx2FkCMnL._AC_UY218_.jpg
More Than a Little,353,12,4.8,./index_files/710QjJTlowS._AC_UY218_.jpg
The Official Walt Disney Quote Book: Over 300 Quotes with Newly Researched and Assembled Material by the Staff of the Walt Disney Archives (Disney Editions Deluxe),7,21,4.5,./index_files/81I99keNToL._AC_UY218_.jpg
Who Moved My Cheese?: An A-Mazing Way to Deal with Change in Your Work and in Your Life,"21,410",0,4.6,./index_files/814-J6OB6qL._AC_UY218_.jpg
"El poder de creer en ti: 9 pasos para aumentar tu autoestima, vencer tus miedos y aprender a quererte (Tu mejor versión) (Spanish Edition)",736,12,4.8,./index_files/61StowH441L._AC_UY218_.jpg
EL PODER DEL PENSAMIENTO POSITIVO: La importancia del impacto que tienen los pensamientos en nuestra vida (Spanish Edition),"1,104",8,4.3,./index_files/61G3xlqtTmL._AC_UY218_.jpg
"The Blue Zones, Second Edition: 9 Lessons for Living Longer From the People Who've Lived the Longest","2,746",8,4.6,./index_files/81MbgACa6ZL._AC_UY218_.jpg
"Speak: Find Your Voice, Trust Your Gut, and Get from Where You Are to Where You Want to Be","1,083",0,4.8,./index_files/91VBN-oR3fL._AC_UY218_.jpg
There's A Hole In My Love Cup: The Badass Counseling® Method For Healing The Soul And Unleashing Greatness,863,14,4.7,./index_files/61OT0QA0XZL._AC_UY218_.jpg
The Monk Who Sold His Ferrari: A Spiritual Fable About Fulfilling Your Dreams & Reaching Your Destiny,"12,088",0,4.7,./index_files/91QMNgp67ZL._AC_UY218_.jpg
Holy Moments: A Handbook for the Rest of Your Life,113,0,4.8,./index_files/71mBnPqfoDL._AC_UY218_.jpg
"Influence: The Psychology of Persuasion, Revised Edition","11,133",23,4.6,./index_files/51iBoErM2iL._AC_UY218_.jpg
The Universe Has Your Back: Transform Fear into Faith,"8,382",0,4.7,./index_files/81QsUShsmdS._AC_UY218_.jpg
Undistracted: Capture Your Purpose. Rediscover Your Joy.,"1,425",0,4.8,./index_files/71IAo2UlLML._AC_UY218_.jpg
"We Should All Be Millionaires: A Woman’s Guide to Earning More, Building Wealth, and Gaining Economic Power","2,242",0,4.8,./index_files/81Mgxk2hbBS._AC_UY218_.jpg
"100 Deadly Skills: COMBAT EDITION: A Navy SEAL's Guide to Crushing Your Enemy, Fighting for Your Life, and Embracing Your Inner Badass","2,045",22,4.8,./index_files/81oQRg9DihL._AC_UY218_.jpg
The New One Minute Manager,"3,706",0,4.6,./index_files/81zJwILN2ML._AC_UY218_.jpg
Love After Heartbreak: Volume I,"3,415",0,4.6,./index_files/91YiJqSkrvS._AC_UY218_.jpg
"Dear Body: What I Lost, What I Gained, and What I Learned Along the Way",82,0,4.8,./index_files/81fPOccrPrL._AC_UY218_.jpg
Your Greatest Power,163,12,4.6,./index_files/51P7G4M69uL._AC_UY218_.jpg
"Live in Grace, Walk in Love: A 365-Day Journey","4,955",14,4.8,./index_files/71CbPcZQV9L._AC_UY218_.jpg
52 Modern Manners for Today's Teens (2),154,22,5.0,./index_files/41Mg4h2zG3L._AC_UY218_.jpg
The Comfort Book,"2,355",0,4.6,./index_files/71DulgiNX8S._AC_UY218_.jpg
Everything Is F*cked: A Book About Hope,"9,888",0,4.6,./index_files/71ZUBHvgsdL._AC_UY218_.jpg
"Dopamine Detox: A Short Guide to Remove Distractions and Get Your Brain to Do Hard Things (Productivity Series, Book 1)","3,834",0,4.3,./index_files/71QAQc29WbL._AC_UY218_.jpg
Homecoming: Reclaiming and Championing Your Inner Child,"2,309",15,4.6,./index_files/81IqV4UhDkL._AC_UY218_.jpg
"Tools of Titans: The Tactics, Routines, and Habits of Billionaires, Icons, and World-Class Performers","9,134",0,4.7,./index_files/710FF4JrjsL._AC_UY218_.jpg
The Four Agreements Companion Book: Using the Four Agreements to Master the Dream of Your Life (Toltec Wisdom),"1,912",12,4.8,./index_files/81h61LDlH7L._AC_UY218_.jpg
The Law of Attraction: The Basics of the Teachings of Abraham,"5,792",0,4.7,./index_files/81uElUSymFL._AC_UY218_.jpg
WHO MOVED MY CHEESE S.S.,645,11,4.8,./index_files/6105tf1VC-S._AC_UY218_.jpg
"The Empowered Wife, Updated and Expanded Edition: Six Surprising Secrets for Attracting Your Husband's Time, Attention, and Affection","1,598",17,4.6,./index_files/81-fGi7HMdL._AC_UY218_.jpg
The Journey: Big Panda and Tiny Dragon,279,14,4.8,./index_files/61BDXrtYBkL._AC_UY218_.jpg
Closer to Love: How to Attract the Right Relationships and Deepen Your Connections,24,0,4.8,./index_files/61Orom51RnL._AC_UY218_.jpg
When Women Pray: 10 Women of the Bible Who Changed the World Through Prayer,"9,459",0,4.9,./index_files/818dLNHAvyL._AC_UY218_.jpg
Finding Muchness: How to Add More Life to Life,485,12,4.9,./index_files/81MrIGHE1LS._AC_UY218_.jpg
Made to Stick: Why Some Ideas Survive and Others Die,"4,060",0,4.6,./index_files/81QsTfiyPBL._AC_UY218_.jpg
Jonah: Navigating a Life Interrupted (Bible Study Book),"1,455",11,4.8,./index_files/81GekU7Al6L._AC_UY218_.jpg
"The Honest Mom Journal: The struggling moms guide to struggling less. A daily guided journal for moms facing mental health struggles, depression & ... A journal, diary, for stressed out mothers.",91,17,4.7,./index_files/51+7Np8m1xL._AC_UY218_.jpg
The Little Book Of Daily Sunshine: Bite-Sized Inspiration To Light Up Your Day,306,7,4.6,./index_files/41Rz7rHzEIL._AC_UY218_.jpg
Motivational Swear Word Coloring Book For Adult: Inspirational Color Pages for Stress Relief and Relaxation | You Funking Got This Coloring pages | ... Man and Women for Gift Birthday and Christmas,361,6,4.5,./index_files/71xzmjtAuRL._AC_UY218_.jpg
QBQ! The Question Behind the Question: Practicing Personal Accountability at Work and in Life,"2,973",0,4.6,./index_files/81CHrtXHOOL._AC_UY218_.jpg
Welcome Home: A Guide to Building a Home for Your Soul,"2,396",0,4.8,./index_files/71ZI4NROZUS._AC_UY218_.jpg
"Gratitude Journal for Men: A Daily 5 Minute Guide for Mindfulness, Positivity, Leadership and Self Care (Premium Keepsake Edition)",263,14,4.6,./index_files/81-0Vl8KFkL._AC_UY218_.jpg
"Gratitude Journal for Women: A Daily 5 Minute Guide for Mindfulness, Positivity, Affirmation and Self Care (Premium Keepsake Edition)","1,820",11,4.7,./index_files/91n6YCbf7ZL._AC_UY218_.jpg
How Full Is Your Bucket? For Kids,"2,630",9,4.8,./index_files/817AtIaaFfL._AC_UY218_.jpg
Mirror Work: 21 Days to Heal Your Life,"2,213",13,4.8,./index_files/71Bfex29rdL._AC_UY218_.jpg
The 7 Habits of Highly Effective Teens Workbook,"1,762",5,4.6,./index_files/81WtpqqvqDL._AC_UY218_.jpg
"Good Morning, Holy Spirit","3,632",0,4.9,./index_files/91wZagF6oTL._AC_UY218_.jpg
Single on Purpose: Redefine Everything. Find Yourself First.,"1,988",0,4.7,./index_files/81ESSYU3GJL._AC_UY218_.jpg
How Will You Measure Your Life?,"4,401",0,4.6,./index_files/81PPmJXIaZL._AC_UY218_.jpg
The Power,"9,586",0,4.8,./index_files/91HfeEV+8cL._AC_UY218_.jpg
Loving People Who Are Hard to Love: Transforming Your World by Learning to Love Unconditionally,328,0,4.8,./index_files/81CkX0z4L2L._AC_UY218_.jpg
"Inspirational Coloring Book For Adults: 50 Motivational Quotes For Good Vibes, Positive Affirmations and Stress Relaxation","1,053",5,4.6,./index_files/71K5y1JgZ2L._AC_UY218_.jpg
Manifest: 7 Steps to Living Your Best Life,"2,291",0,4.7,./index_files/71wYqp7mt2L._AC_UY218_.jpg
"A F*cking 2023 Wall Calendar: Get Your Sh*t Together This Year (Funny Monthly Calendar with Stickers, White Elephant Gag Gift for Adults) (Calendars & Gifts to Swear By)","5,063",12,4.9,./index_files/612kdiv3q6L._AC_UY218_.jpg
"Inteligencia Emocional: 4 Libros en 1: La Guía Completa Para Aprender Autodisciplina, Inteligencia Emocional, Psicología Oscura y Manipulación. Domina ... Las Creencias Negativas. (Spanish Edition)","1,648",26,5.0,./index_files/61dQGDw1-aL._AC_UY218_.jpg
My What If Year: A Memoir,71,0,4.5,./index_files/714idFAS+-L._AC_UY218_.jpg
"CSB Apologetics Study Bible, Gray Hardcover, Black Letter, Black Letter, Defend Your Faith, Study Notes and Commentary, Articles, Profiles, Full-Color Maps, Easy-to-Read Bible Serif Type",845,21,4.8,./index_files/61q9tep6+PL._AC_UY218_.jpg
The Game of Life and How to Play It,"1,596",0,4.8,./index_files/81OcygCqjSL._AC_UY218_.jpg
In My Feels: How to Feel God When I'm Not Feeling It,13,18,4.6,./index_files/81RFMyoauSL._AC_UY218_.jpg
"Set Boundaries, Find Peace: A Guide to Reclaiming Yourself","7,977",0,4.8,./index_files/71rDJ+DfErL._AC_UY218_.jpg
The Power to Change: Mastering the Habits That Matter Most,95,0,4.9,./index_files/71pkwEy-dHL._AC_UY218_.jpg
"Forgiving What You Can't Forget: Discover How to Move On, Make Peace with Painful Memories, and Create a Life That's Beautiful Again","20,736",0,4.8,./index_files/81P7MVh9BoL._AC_UY218_.jpg
The Book of Awakening: Having the Life You Want by Being Present to the Life You Have (20th Anniversary Edition),"4,162",16,4.7,./index_files/818igfZwq2L._AC_UY218_.jpg
The Power of Discipline: How to Use Self Control and Mental Toughness to Achieve Your Goals,"3,254",17,4.6,./index_files/6171C0fKEbL._AC_UY218_.jpg
Discipline Is Destiny: The Power of Self-Control,"1,195",0,4.7,./index_files/91FHt4WfM5L._AC_UY218_.jpg
The Obstacle Is the Way: The Timeless Art of Turning Trials into Triumph,"17,569",0,4.7,./index_files/715xKDPitYL._AC_UY218_.jpg
Get Out of Your Head: Stopping the Spiral of Toxic Thoughts,"22,012",0,4.7,./index_files/81hIZ20nZSL._AC_UY218_.jpg
"The Urgent Life: My Story of Love, Loss, and Survival",128,0,4.7,./index_files/81zzc4dch9L._AC_UY218_.jpg
The Secret,"40,513",0,4.6,./index_files/919kng-fN1L._AC_UY218_.jpg
Heal. Grow. Love: Words to Help You Become,838,13,4.8,./index_files/51CkR8row+L._AC_UY218_.jpg
Relentless: From Good to Great to Unstoppable,"9,791",0,4.7,./index_files/81FYEl7jvkL._AC_UY218_.jpg
Grit: The Power of Passion and Perseverance,"14,458",0,4.6,./index_files/81HofIG4iiL._AC_UY218_.jpg
You Are a Badass®: How to Stop Doubting Your Greatness and Start Living an Awesome Life,"37,682",0,4.7,./index_files/81KUJ56sW3L._AC_UY218_.jpg
The Laws of Human Nature,"11,434",0,4.8,./index_files/71eXzhnrpbL._AC_UY218_.jpg
The Power of One More: The Ultimate Guide to Happiness and Success,"4,142",0,4.8,./index_files/71E9ZnyRCoL._AC_UY218_.jpg
You Can Heal Your Life,"13,352",8,4.7,./index_files/81-fxaNGDML._AC_UY218_.jpg
As a man Thinketh: The Original 1902 Edition (The Wisdom Of James Allen),"5,138",5,4.7,./index_files/51SPDo1hgnS._AC_UY218_.jpg
The Magic of Thinking Big,"13,534",0,4.8,./index_files/71tC2jMg-vL._AC_UY218_.jpg
The Sadness Book - A Journal To Let Go,974,13,4.7,./index_files/41EayHwSuiL._AC_UY218_.jpg
Burn After Writing (Pink),"83,350",7,4.6,./index_files/913xSIVD4BL._AC_UY218_.jpg
Glass Hearts and Broken Promises,147,14,4.8,./index_files/61eyAnjjjRL._AC_UY218_.jpg
Getting to Neutral: How to Conquer Negativity and Thrive in a Chaotic World,165,0,4.7,./index_files/71rMsjDV0eL._AC_UY218_.jpg
The 7 Habits of Highly Effective Teens,"12,578",9,4.6,./index_files/71oOAa+N3GL._AC_UY218_.jpg
The Miracle Morning: The Not-So-Obvious Secret Guaranteed to Transform Your Life - Before 8AM,"24,182",0,4.6,./index_files/81KLTm40ZpL._AC_UY218_.jpg
The Mastery of Love: A Practical Guide to the Art of Relationship,"14,672",0,4.8,./index_files/A1O9to6HUrL._AC_UY218_.jpg
Hold Me Tight: Seven Conversations for a Lifetime of Love,"4,723",0,4.6,./index_files/716LQ2mCc5S._AC_UY218_.jpg
Never Finished: Unshackle Your Mind and Win the War Within - Clean Edition,470,20,4.8,./index_files/71RkF+0F8YL._AC_UY218_.jpg
"Limitless: Upgrade Your Brain, Learn Anything Faster, and Unlock Your Exceptional Life","17,024",0,4.7,./index_files/81Jq4QwfqfL._AC_UY218_.jpg
"The Comfort Crisis: Embrace Discomfort to Reclaim Your Wild, Happy, Healthy Self","3,367",0,4.8,./index_files/71r-lpEu5lS._AC_UY218_.jpg
Essentialism: The Disciplined Pursuit of Less,"13,340",0,4.6,./index_files/714Hv0E32DL._AC_UY218_.jpg
Power vs. Force: The Hidden Determinants of Human Behavior,"4,956",0,4.7,./index_files/61lWb8arMzL._AC_UY218_.jpg
"You Owe You: Ignite Your Power, Your Purpose, and Your Why",913,0,4.9,./index_files/71v464tzUUL._AC_UY218_.jpg
RUGE: O espera a ser devorado (Spanish Edition),16,16,4.6,./index_files/616R-b91NFL._AC_UY218_.jpg
Letting Go: The Pathway of Surrender,"7,540",0,4.7,./index_files/71QsRtVrlaL._AC_UY218_.jpg
Master Your Emotions: A Practical Guide to Overcome Negativity and Better Manage Your Feelings,"8,835",0,4.6,./index_files/71r-WjvW6kL._AC_UY218_.jpg
The Sunshine Mind: 100 Days to Finding the Hope and Joy You Want,65,0,4.5,./index_files/818kYh5FJCL._AC_UY218_.jpg
Tuesdays with Morrie: 20th Anniversary Edition,"25,656",0,4.8,./index_files/91tKobuseHL._AC_UY218_.jpg
Push Off from Here: Nine Essential Truths to Get You Through Sobriety (and Everything Else),22,0,4.9,./index_files/81an9yAKd1L._AC_UY218_.jpg
Los cuatro acuerdos (Narración en Castellano) [The Four Agreements (Castilian Narration)]: Una guía práctica para la libertad personal [A Practical Guide for Personal Freedom],"12,260",0,4.8,./index_files/91vXo1PAbnL._AC_UY218_.jpg
Outwitting the Devil: The Secrets to Freedom and Success (Official Publication of the Napoleon Hill Foundation),"3,607",15,4.8,./index_files/618T3SOuLHL._AC_UY218_.jpg
Unfu*k Yourself: Get Out of Your Head and into Your Life,"21,199",0,4.7,./index_files/81ttqWCP7TL._AC_UY218_.jpg
"Cooking from the Spirit: Easy, Delicious, and Joyful Plant-Based Inspirations","1,236",18,4.8,./index_files/91C2NaWw+AL._AC_UY218_.jpg
Allen Carr's Quit Drinking Without Willpower: Be a Happy Non-Drinker,"1,882",0,4.5,./index_files/7161lAvYxnL._AC_UY218_.jpg
"The Courage to Be Disliked: How to Free Yourself, Change Your Life, and Achieve Real Happiness","11,055",0,4.5,./index_files/81ucJZtidCL._AC_UY218_.jpg
Wintering: The Power of Rest and Retreat in Difficult Times,"5,347",0,4.4,./index_files/A11SRPTdEPL._AC_UY218_.jpg
3 Minute Positivity Journal: Boost Your Mood. Train Your Mind. Change Your Life.,"3,110",13,4.7,./index_files/715Dv9mgMOL._AC_UY218_.jpg
The Highly Sensitive Person: How to Thrive When the World Overwhelms You,"7,723",10,4.6,./index_files/71eT3etYTmL._AC_UY218_.jpg
Ego Is the Enemy,"13,426",0,4.7,./index_files/81Q17YYWc9L._AC_UY218_.jpg
"The 5 Second Rule: Transform your Life, Work, and Confidence with Everyday Courage","8,863",0,4.6,./index_files/914dfd7gq9L._AC_UY218_.jpg
Life Force: How New Breakthroughs in Precision Medicine Can Transform the Quality of Your Life & Those You Love,"5,046",0,4.5,./index_files/81Vh1rKEuwL._AC_UY218_.jpg
"Good Vibes, Good Life: How Self-Love Is the Key to Unlocking Your Greatness","29,607",0,4.7,./index_files/71UMmgI218L._AC_UY218_.jpg
Mastery,"7,400",0,4.7,./index_files/71B5yWb5t7L._AC_UY218_.jpg
"A Radical Awakening: Turn Pain into Power, Embrace Your Truth, Live Free","2,325",0,4.7,./index_files/81+iqOUcBzL._AC_UY218_.jpg
Quit Like a Woman: The Radical Choice to Not Drink in a Culture Obsessed with Alcohol,"7,752",0,4.5,./index_files/71tuPBRxRtL._AC_UY218_.jpg
Think and Grow Rich Deluxe Edition: The Complete Classic Text (Think and Grow Rich Series),"3,827",14,4.8,./index_files/41hXNT72DAL._AC_UY218_.jpg
The Magic,"12,222",0,4.8,./index_files/91px+AaviYL._AC_UY218_.jpg
52 Modern Manners For Today's Teens,"1,093",19,4.9,./index_files/31QAsuG2HwL._AC_UY218_.jpg
The Gentle Art of Swedish Death Cleaning: How to Free Yourself and Your Family from a Lifetime of Clutter (The Swedish Art of Living & Dying Series),"3,535",17,4.4,./index_files/71a0-tHrVdL._AC_UY218_.jpg
Ask and It Is Given: Learning to Manifest Your Desires,"13,409",9,4.8,./index_files/81ZrXXpmqyL._AC_UY218_.jpg
A Year of Us: A Couple's Journal: One Question a Day to Spark Fun and Meaningful Conversations (Question a Day Couple's Journal),"6,085",13,4.6,./index_files/61HzlK2gIyL._AC_UY218_.jpg
"The Way, the Enemy, and the Key: A Boxed Set of The Obstacle is the Way, Ego is the Enemy & Stillness is the Key","1,489",42,4.9,./index_files/71FJKt+T4FL._AC_UY218_.jpg
40 Days of Decrease: A Different Kind of Hunger. A Different Kind of Fast.,"1,183",10,4.7,./index_files/71xJBt-oLvL._AC_UY218_.jpg
Getting Things Done: The Art of Stress-Free Productivity,"7,156",0,4.5,./index_files/81T9Hk+soDL._AC_UY218_.jpg
It's Not Supposed to Be This Way,"17,754",0,4.8,./index_files/81H+6JUdfFL._AC_UY218_.jpg
Money: Master the Game: 7 Simple Steps to Financial Freedom,"11,580",0,4.6,./index_files/91S7IaFislL._AC_UY218_.jpg
Do It For Yourself (Guided Journal): A Motivational Journal (Start Before You’re Ready),"1,542",15,4.7,./index_files/519dr3cjUfL._AC_UY218_.jpg
The Power of Your Subconscious Mind,"69,015",5,4.6,./index_files/610mObHZ-JL._AC_UY218_.jpg
Captivating Expanded Edition: Unveiling the Mystery of a Woman's Soul,"3,665",12,4.7,./index_files/61KOxxYOIKL._AC_UY218_.jpg
Winning: The Unforgiving Race to Greatness,"3,326",0,4.8,./index_files/81EHXGSu-AS._AC_UY218_.jpg
Becoming,"140,084",0,4.8,./index_files/71rm0H5uOaL._AC_UY218_.jpg
33 Strategies of War,"4,075",0,4.8,./index_files/71YfEidUvAL._AC_UY218_.jpg
Discipline Equals Freedom: Field Manual Mk1-MOD1,"6,307",18,4.8,./index_files/81wJNvaVFyL._AC_UY218_.jpg
What Every BODY Is Saying: An Ex-FBI Agent’s Guide to Speed-Reading People,"11,930",0,4.6,./index_files/81ZbVFvRCpL._AC_UY218_.jpg
Magic Words,9,28,4.1,./index_files/81iv6m-8bNL._AC_UY218_.jpg
Find Your People: Building Deep Community in a Lonely World,"2,741",0,4.7,./index_files/71o6J8F6fZL._AC_UY218_.jpg
The Choice: Escaping the Past and Embracing the Possible,"24,332",0,4.8,./index_files/81O0R2LZtSL._AC_UY218_.jpg
The Speed of Trust: The One Thing that Changes Everything,"3,510",0,4.6,./index_files/51U7ZPdd9HL._AC_UY218_.jpg
How to Starve Cancer: ...and Then Kill It With Ferroptosis,559,18,4.6,./index_files/71VDs-5s59S._AC_UY218_.jpg
Leadership Strategy and Tactics: Field Manual,"7,129",0,4.9,./index_files/71Ft8gbGqOL._AC_UY218_.jpg
The Life-Changing Magic of Tidying Up: The Japanese Art of Decluttering and Organizing,"34,155",0,4.5,./index_files/A1Iou9K8hdL._AC_UY218_.jpg
"How to Be Love(d): Simple Truths for Going Easier on Yourself, Embracing Imperfection & Loving Your Way to a Better Life",122,0,4.7,./index_files/912ft4TBtuL._AC_UY218_.jpg
"Rising Strong: How the Ability to Reset Transforms the Way We Live, Love, Parent, and Lead","8,380",0,4.8,./index_files/71OwUazZsuL._AC_UY218_.jpg
"Men's Work: A Practical Guide to Face Your Darkness, End Self-Sabotage, and Find Freedom",44,0,4.7,./index_files/61yBXJdp0IL._AC_UY218_.jpg
Psycho-Cybernetics: Updated and Expanded,"1,346",0,4.7,./index_files/81-Aqq-wEUL._AC_UY218_.jpg
Us: Getting Past You and Me to Build a More Loving Relationship,626,0,4.6,./index_files/81UNauHA7ZL._AC_UY218_.jpg
"The Daily Laws: 366 Meditations on Power, Seduction, Mastery, Strategy, and Human Nature","2,786",0,4.8,./index_files/71V4EtK9NuL._AC_UY218_.jpg
Allen Carr's Easy Way to Quit Smoking,"2,559",0,4.5,./index_files/81GKp2rqDOL._AC_UY218_.jpg
The Swedish Art of Aging Exuberantly: Life Wisdom from Someone Who Will (Probably) Die Before You,232,0,4.1,./index_files/71Elo6Azm2L._AC_UY218_.jpg
"Self-Care for Black Women: 150 Ways to Radically Accept & Prioritize Your Mind, Body, & Soul",481,11,4.8,./index_files/71MeByZzhHL._AC_UY218_.jpg
Inquebrantables (Spanish Edition),"12,229",9,4.8,./index_files/81jsYLHnw9L._AC_UY218_.jpg
The Hard Thing About Hard Things: Building a Business When There Are No Easy Answers,"7,591",0,4.6,./index_files/81eQAtzupsL._AC_UY218_.jpg
"I Thought It Was Just Me (but it isn’t): Telling the Truth about Perfectionism, Inadequacy, and Power","6,043",0,4.7,./index_files/81bZXcjk7yL._AC_UY218_.jpg
"The Body Is Not an Apology, Second Edition: The Power of Radical Self-Love","3,002",0,4.8,./index_files/91aUYfdzPyL._AC_UY218_.jpg
Lifting Heavy Things: Healing Trauma One Rep at a Time,139,0,4.6,./index_files/714n0EdcxpL._AC_UY218_.jpg
The Big Leap,"5,943",0,4.6,./index_files/81WVQ79bN5L._AC_UY218_.jpg
Tiny Habits: The Small Changes That Change Everything,"5,619",12,4.6,./index_files/81d2-gSFBKL._AC_UY218_.jpg
Stillness Is the Key,"6,915",0,4.7,./index_files/71SVFO74WkL._AC_UY218_.jpg
It Takes What It Takes: How to Think Neutrally and Gain Control of Your Life,"1,383",0,4.6,./index_files/71TVRWgPhdL._AC_UY218_.jpg
The Home Edit: A Guide to Organizing and Realizing Your House Goals (Includes Refrigerator Labels Download),"14,029",0,4.7,./index_files/81Lercg15RL._AC_UY218_.jpg
"Self-Care for People with ADHD: 100+ Ways to Recharge, De-Stress, and Prioritize You!",134,0,4.7,./index_files/71Q+q5MNaEL._AC_UY218_.jpg
"Loving What Is, Revised Edition: Four Questions That Can Change Your Life",438,14,4.6,./index_files/91msa1IhAIL._AC_UY218_.jpg
The Power to Change Workbook: Mastering the Habits That Matter Most,4,17,5.0,./index_files/71w+RY1ZBZL._AC_UY218_.jpg
Drive: The Surprising Truth About What Motivates Us,"6,810",0,4.5,./index_files/81+l6ovogNL._AC_UY218_.jpg
"Better Small Talk: Talk to Anyone, Avoid Awkwardness, Generate Deep Conversations, and Make Real Friends","1,284",0,4.4,./index_files/81893DQiayL._AC_UY218_.jpg
"Cursive handwriting workbook for Adults: Learn to write in Cursive, Improve your writing skills & practice penmanship for adults (Master Print and Cursive Writing Penmanship for Adults)","2,336",5,4.6,./index_files/61i87myIpTL._AC_UY218_.jpg
Big Magic: Creative Living Beyond Fear,"14,829",0,4.6,./index_files/81Dblo1ZRtL._AC_UY218_.jpg
Tattoos on the Heart: The Power of Boundless Compassion,"5,652",11,4.7,./index_files/71IPQd80FkL._AC_UY218_.jpg
Daily Devotions from Psalms: 365 Daily Inspirations,212,16,4.8,./index_files/816YPYIgUdL._AC_UY218_.jpg
Radical Remission: Surviving Cancer Against All Odds,"2,945",14,4.7,./index_files/61jleYB+y+L._AC_UY218_.jpg
Awaken the Giant Within,"8,221",0,4.6,./index_files/81PncHt6wcL._AC_UY218_.jpg
Can't Hurt Me: Master Your Mind and Defy the Odds - Clean Edition,"9,759",21,4.8,./index_files/81MtKRJ1HLL._AC_UY218_.jpg
"Overcomer: 8 Ways to Live a Life of Unstoppable Strength, Unmovable Faith, and Unbelievable Power","1,645",0,4.8,./index_files/91PrmS+o0mL._AC_UY218_.jpg
Courage Is Calling: Fortune Favors the Brave,"3,502",0,4.6,./index_files/81xyexuCw0L._AC_UY218_.jpg
Cómo ganar amigos e influir sobre las personas [How to Win Friends and Influence People],"3,680",0,4.8,./index_files/81tw3OF99+L._AC_UY218_.jpg
Twenty-Four Hours a Day,"4,668",13,4.8,./index_files/613BAAC3raL._AC_UY218_.jpg
The Gift: 14 Lessons to Save Your Life,"4,633",0,4.8,./index_files/71l9FqmrAYL._AC_UY218_.jpg
How to Stop Worrying and Start Living: Time-Tested Methods for Conquering Worry,"23,832",0,4.6,./index_files/7149HkrI7ZL._AC_UY218_.jpg
"Own Your Past Change Your Future: A Not-So-Complicated Approach to Relationships, Mental Health & Wellness",585,0,4.8,./index_files/81yY9swMuiL._AC_UY218_.jpg
Permission to Live Free: Living the Life God Created You For,24,25,4.9,./index_files/81ZToCf1H3L._AC_UY218_.jpg
"Home Therapy: Interior Design for Increasing Happiness, Boosting Confidence, and Creating Calm: An Interior Design Book",112,26,4.6,./index_files/814+cxniGZL._AC_UY218_.jpg
Chicken Soup for the Soul: Laughter Is the Best Medicine: 101 Feel Good Stories,"1,606",8,4.7,./index_files/71etrvpycCL._AC_UY218_.jpg
The Power of Now: A Guide to Spiritual Enlightenment,"49,201",0,4.7,./index_files/51wk62SpJaL._AC_UY218_.jpg
The Subtle Art of Not Giving a F*ck Journal,380,12,4.7,./index_files/610cDipx6WL._AC_UY218_.jpg
The Artist's Way Starter Kit,"1,960",30,4.8,./index_files/81gVBP23vBL._AC_UY218_.jpg
Change Starts with You: Following Your Fire to Heal a Broken World,4,0,4.7,./index_files/81em9kpgL1L._AC_UY218_.jpg
"CSB Study Bible For Women, Teal Flowers LeatherTouch, Indexed, Black Letter, Study Notes and Commentary, Articles, Profiles, Word Studies, Charts, Full-Color Maps, Easy-to-Read Bible Serif Type","1,202",53,4.9,./index_files/81xgjNa6EbL._AC_UY218_.jpg
The Home Edit Life: The No-Guilt Guide to Owning What You Want and Organizing Everything,"13,070",14,4.8,./index_files/81I2HYzFPSL._AC_UY218_.jpg
All Along You Were Blooming: Thoughts for Boundless Living (A Collection of Poetry),"3,902",11,4.8,./index_files/81dlwaFEejL._AC_UY218_.jpg
